Date,Adj Close,Close,High,Low,Open,Volume,Stock,20DMA,50DMA,RSI,Predicted_Signal
2025-05-21,3482.917724609375,3525.800048828125,3537.0,3498.300048828125,3508.0,1440153,TCS,3484.0050048828125,3474.70099609375,56.694543027766336,Hold
2025-05-22,3434.711181640625,3477.0,3497.800048828125,3451.300048828125,3495.0,2034383,TCS,3487.2050048828123,3473.2999951171873,54.07368682321787,Hold
2025-05-23,3471.853759765625,3514.60009765625,3535.0,3465.60009765625,3477.0,1274331,TCS,3492.8550048828124,3471.5599951171876,55.20816507961678,Hold
2025-05-26,3494.27783203125,3537.300048828125,3545.0,3510.10009765625,3521.0,967470,TCS,3497.3200073242188,3470.0819970703124,56.48600071369955,Hold
2025-05-27,3456.147216796875,3498.699951171875,3540.0,3483.10009765625,3532.0,2467680,TCS,3500.0800048828123,3468.262998046875,54.325363817581525,Hold
2025-05-28,3455.159423828125,3497.699951171875,3529.0,3493.0,3520.0,1222933,TCS,3501.3400024414063,3466.71099609375,53.95590820337626,Hold
2025-05-29,3455.5546875,3498.10009765625,3532.5,3486.5,3504.699951171875,3188072,TCS,3503.560009765625,3466.5489990234373,54.74860850641341,Hold
2025-05-30,3421.276611328125,3463.39990234375,3506.699951171875,3453.10009765625,3490.0,3404365,TCS,3505.1800048828127,3465.59599609375,33.05268417535109,Hold
2025-06-02,3407.842041015625,3449.800048828125,3460.0,3418.60009765625,3450.0,1877585,TCS,3504.9550048828123,3464.637998046875,41.222411758712376,Hold
2025-06-03,3363.784423828125,3405.199951171875,3473.5,3400.5,3446.0,2848125,TCS,3502.2150024414063,3462.787998046875,31.232031123275917,Hold
2025-06-04,3369.465087890625,3380.89990234375,3394.800048828125,3370.0,3389.0,2544807,TCS,3499.004992675781,3460.463994140625,23.494966312010618,Sell
2025-06-05,3359.6982421875,3371.10009765625,3409.0,3363.699951171875,3409.0,3584683,TCS,3495.1150024414064,3456.622998046875,24.05895064914307,Sell
2025-06-06,3372.75390625,3384.199951171875,3390.89990234375,3358.699951171875,3371.10009765625,2070390,TCS,3492.3099975585938,3452.7449951171875,30.041515466574765,Sell
2025-06-09,3410.326416015625,3421.89990234375,3434.0,3390.89990234375,3400.0,1718678,TCS,3482.3849975585936,3448.603994140625,39.22120275030087,Hold
2025-06-10,3451.187744140625,3462.89990234375,3485.800048828125,3423.199951171875,3440.0,2419874,TCS,3479.779992675781,3444.7069921875,41.45146487634703,Hold
2025-06-11,3460.1572265625,3471.89990234375,3489.0,3449.10009765625,3470.0,2847013,TCS,3475.939990234375,3441.4289892578126,49.22278327670701,Hold
2025-06-12,3422.584716796875,3434.199951171875,3474.699951171875,3423.199951171875,3471.89990234375,4060134,TCS,3468.654992675781,3437.0889892578125,37.75134697654627,Hold
2025-06-13,3434.0458984375,3445.699951171875,3450.5,3393.199951171875,3393.199951171875,2178493,TCS,3462.8749877929686,3433.879990234375,35.552035069992115,Hold
2025-06-16,3484.474853515625,3496.300048828125,3509.0,3426.199951171875,3440.0,1934088,TCS,3461.7499877929686,3432.789990234375,49.63527320003799,Hold
2025-06-17,3503.41064453125,3515.300048828125,3520.0,3488.10009765625,3510.0,2111940,TCS,3462.599987792969,3432.2169921875,52.536037126260815,Hold
2025-06-18,3439.7265625,3451.39990234375,3538.0,3443.10009765625,3519.10009765625,2696327,TCS,3458.87998046875,3433.1819921875,44.311791070341044,Hold
2025-06-19,3412.41943359375,3424.0,3451.0,3413.0,3450.0,2672768,TCS,3456.22998046875,3435.673994140625,45.114095861595416,Hold
2025-06-20,3424.07958984375,3435.699951171875,3446.300048828125,3410.89990234375,3425.0,2351248,TCS,3452.2849731445312,3438.9069921875,48.24319654637883,Hold
2025-06-23,3382.122314453125,3393.60009765625,3425.0,3370.0,3415.0,3123421,TCS,3445.0999755859375,3440.9199951171877,48.54565367377561,Hold
2025-06-24,3378.932861328125,3390.39990234375,3442.10009765625,3382.0,3434.60009765625,3403048,TCS,3439.6849731445313,3443.7959912109377,51.25761283675208,Hold
2025-06-25,3433.14892578125,3444.800048828125,3450.0,3400.0,3407.300048828125,1757699,TCS,3437.0399780273438,3448.0619921875,58.72601736329312,Hold
2025-06-26,3430.1591796875,3441.800048828125,3451.39990234375,3415.300048828125,3444.800048828125,2879106,TCS,3434.2249755859375,3451.933994140625,56.98690809845224,Hold
2025-06-27,3429.461669921875,3441.10009765625,3466.39990234375,3431.0,3455.0,1778433,TCS,3433.1099853515625,3455.2799951171874,52.558660090316366,Hold
2025-06-30,3450.290771484375,3462.0,3464.89990234375,3430.0,3439.89990234375,1468351,TCS,3433.7199829101564,3458.5419970703124,49.873288919140045,Hold
2025-07-01,3418.10009765625,3429.699951171875,3485.0,3413.5,3455.0,2375183,TCS,3434.9449829101563,3460.703994140625,44.42389867393754,Hold
2025-07-02,3411.7216796875,3423.300048828125,3489.89990234375,3420.0,3487.199951171875,3090585,TCS,3437.064990234375,3462.8819970703125,48.429861815460406,Hold
2025-07-03,3389.2978515625,3400.800048828125,3435.300048828125,3397.60009765625,3430.0,2531870,TCS,3438.5499877929688,3462.637998046875,43.730816797088586,Hold
2025-07-04,3408.233642578125,3419.800048828125,3427.0,3390.10009765625,3408.0,1109320,TCS,3440.3299926757813,3463.0019970703124,38.28483920367535,Hold
2025-07-07,3400.160888671875,3411.699951171875,3426.10009765625,3408.39990234375,3418.300048828125,1639174,TCS,3439.8199951171873,3462.27599609375,33.586808365140186,Hold
2025-07-08,3394.679443359375,3406.199951171875,3425.0,3393.39990234375,3405.0,2325242,TCS,3436.984997558594,3461.5299951171874,41.21307158770222,Hold
2025-07-09,3372.355224609375,3383.800048828125,3414.0,3367.0,3410.0,2034938,TCS,3432.5800048828123,3459.75599609375,42.03014295104312,Hold
2025-07-10,3370.561279296875,3382.0,3399.0,3356.0,3380.0,3035012,TCS,3429.970007324219,3458.3219970703126,38.91870814067253,Sell
2025-07-11,3254.95361328125,3266.0,3335.0,3261.10009765625,3299.89990234375,7635550,TCS,3420.985009765625,3455.0219970703124,29.82289392165886,Sell
2025-07-14,3211.800048828125,3222.699951171875,3272.0,3200.0,3266.0,3924009,TCS,3407.3050048828127,3450.3899951171875,26.46647092479469,Sell
2025-07-15,3241.300048828125,3252.300048828125,3259.39990234375,3206.0,3206.0,2590889,TCS,3394.1550048828126,3446.23599609375,20.965309200603315,Sell
2025-07-16,3233.10009765625,3233.10009765625,3244.89990234375,3220.60009765625,3227.0,2540733,TCS,3383.2400146484374,3441.99599609375,19.988498636758436,Sell
2025-07-17,3209.199951171875,3209.199951171875,3242.0,3204.10009765625,3224.10009765625,2947640,TCS,3372.5000122070314,3437.2019970703127,18.738196967233563,Sell
2025-07-18,3189.89990234375,3189.89990234375,3228.800048828125,3187.0,3225.0,3432645,TCS,3360.210009765625,3432.193994140625,13.160048497541396,Sell
2025-07-21,3158.199951171875,3158.199951171875,3197.60009765625,3152.0,3190.0,3844346,TCS,3348.4400024414062,3422.9499951171874,13.181467835963005,Sell
2025-07-22,3159.60009765625,3159.60009765625,3180.10009765625,3154.60009765625,3159.60009765625,3198036,TCS,3336.900012207031,3415.8419970703126,13.747644686876768,Sell
2025-07-23,3179.10009765625,3179.10009765625,3182.0,3157.60009765625,3159.60009765625,1922875,TCS,3323.6150146484374,3408.45,19.26813403554418,Sell
2025-07-24,3148.0,3148.0,3173.699951171875,3140.0,3165.10009765625,2934778,TCS,3308.925012207031,3399.812001953125,13.546183310838117,Sell
2025-07-25,3135.800048828125,3135.800048828125,3156.89990234375,3125.60009765625,3140.0,2568917,TCS,3293.660009765625,3391.302001953125,13.398830406326283,Sell
2025-07-28,3079.300048828125,3079.300048828125,3118.0,3069.89990234375,3110.0,3374473,TCS,3274.525012207031,3382.512001953125,11.80186913754936,Sell
2025-07-29,3056.0,3056.0,3074.0,3041.199951171875,3060.0,4785312,TCS,3255.8400146484373,3373.6660009765624,11.777094422748775,Sell
2025-07-30,3053.60009765625,3053.60009765625,3069.0,3047.199951171875,3060.0,2880121,TCS,3237.355017089844,3364.222001953125,11.76064233828967,Sell
2025-07-31,3036.800048828125,3036.800048828125,3059.800048828125,3015.0,3041.699951171875,2968371,TCS,3219.1550170898436,3355.4180029296876,15.293814939878061,Sell
2025-08-01,3003.0,3003.0,3036.800048828125,3000.0,3029.89990234375,2053847,TCS,3198.3150146484377,3345.1860009765624,15.74685841614081,Sell
2025-05-21,1546.7371826171875,1568.5,1571.0,1552.0999755859375,1567.9000244140625,4157309,INFY,1532.0100036621093,1541.0560034179687,61.19843139261271,Hold
2025-05-22,1526.028564453125,1547.5,1560.800048828125,1540.0,1555.5,6158990,INFY,1535.6400024414063,1537.7760034179687,56.351686277745124,Hold
2025-05-23,1543.088623046875,1564.800048828125,1587.199951171875,1550.0,1550.0,5038421,INFY,1540.3100036621095,1534.7550048828125,58.38306398602456,Hold
2025-05-26,1558.5706787109375,1580.5,1583.800048828125,1562.699951171875,1566.5999755859375,3170102,INFY,1545.3250061035155,1532.6450048828126,59.91379310344828,Hold
2025-05-27,1548.3150634765625,1570.0999755859375,1582.9000244140625,1556.4000244140625,1579.9000244140625,7775714,INFY,1549.7250061035156,1530.0180053710938,58.69931222053482,Hold
2025-05-28,1549.991455078125,1571.800048828125,1587.699951171875,1570.0,1581.0,3623370,INFY,1553.440008544922,1528.2220068359375,58.535895313544245,Hold
2025-05-29,1563.5999755859375,1585.5999755859375,1608.9000244140625,1576.5999755859375,1589.0,8609500,INFY,1557.7150085449218,1528.1170068359374,60.72017448200655,Hold
2025-05-30,1562.699951171875,1562.699951171875,1572.0,1555.0999755859375,1571.0,13148092,INFY,1560.5050048828125,1527.7740063476563,37.9954997418446,Hold
2025-06-02,1553.800048828125,1553.800048828125,1560.0,1539.0,1560.0,4374509,INFY,1562.7650085449218,1527.0490063476564,46.605519485064576,Hold
2025-06-03,1543.0,1543.0,1567.300048828125,1535.5999755859375,1559.0,6853403,INFY,1564.3400085449218,1526.1080053710937,37.95120638291158,Hold
2025-06-04,1551.199951171875,1551.199951171875,1557.300048828125,1541.4000244140625,1543.0,4548307,INFY,1566.4850036621094,1525.4010034179687,33.956361414596984,Hold
2025-06-05,1554.300048828125,1554.300048828125,1567.699951171875,1541.5999755859375,1547.9000244140625,6948539,INFY,1568.6300048828125,1524.1760034179688,39.68714350477637,Hold
2025-06-06,1563.800048828125,1563.800048828125,1568.9000244140625,1543.0999755859375,1554.699951171875,3960020,INFY,1571.440008544922,1523.6010034179687,51.315789473684205,Hold
2025-06-09,1572.9000244140625,1572.9000244140625,1588.0,1571.0,1578.0,2903202,INFY,1568.740008544922,1523.20400390625,53.836570518238965,Hold
2025-06-10,1596.0,1596.0,1607.5,1577.5,1584.0,8591925,INFY,1570.110009765625,1522.5550048828125,57.83475783475784,Hold
2025-06-11,1631.0999755859375,1631.0999755859375,1634.5999755859375,1590.0999755859375,1590.0999755859375,10597410,INFY,1572.0450073242187,1523.1880053710938,72.04640990263346,Sell
2025-06-12,1608.5999755859375,1608.5999755859375,1628.0,1598.0999755859375,1617.0,10483574,INFY,1571.8250061035155,1523.28900390625,61.24228522228022,Hold
2025-06-13,1602.0,1602.0,1609.0,1570.199951171875,1576.0,6968315,INFY,1572.4300048828125,1523.9160034179688,55.78890836112839,Hold
2025-06-16,1623.800048828125,1623.800048828125,1634.800048828125,1597.0999755859375,1600.0,5591842,INFY,1575.6300048828125,1525.8620043945311,63.62254690355701,Hold
2025-06-17,1639.9000244140625,1639.9000244140625,1647.4000244140625,1615.5999755859375,1620.699951171875,7622083,INFY,1579.5950073242188,1527.6570043945312,66.09929430043859,Hold
2025-06-18,1632.9000244140625,1632.9000244140625,1644.699951171875,1621.0,1621.0,5629707,INFY,1582.815008544922,1530.3850048828126,61.55350759913222,Hold
2025-06-19,1618.4000244140625,1618.4000244140625,1630.0,1611.5,1623.9000244140625,5147760,INFY,1586.360009765625,1533.7200048828124,64.18749211020037,Hold
2025-06-20,1622.9000244140625,1622.9000244140625,1630.699951171875,1608.9000244140625,1619.0,9202821,INFY,1589.2650085449218,1538.2430053710937,68.00416018625421,Hold
2025-06-23,1584.0,1584.0,1601.0,1575.4000244140625,1601.0,7943676,INFY,1589.440008544922,1541.3470043945313,59.31818181818181,Hold
2025-06-24,1581.5999755859375,1581.5999755859375,1609.0,1576.5999755859375,1601.0,8083992,INFY,1590.0150085449218,1544.9050048828126,57.09617507452727,Hold
2025-06-25,1614.9000244140625,1614.9000244140625,1619.9000244140625,1585.0999755859375,1590.0,7813533,INFY,1592.1700073242187,1549.0140063476563,62.39770244115628,Hold
2025-06-26,1616.0,1616.0,1624.0,1606.5999755859375,1608.800048828125,6519233,INFY,1593.690008544922,1552.8140063476562,61.05931168895657,Hold
2025-06-27,1608.0,1608.0,1629.5999755859375,1602.4000244140625,1619.0,8912268,INFY,1595.955010986328,1556.7120068359375,57.471258394606664,Hold
2025-06-30,1601.800048828125,1601.800048828125,1615.0,1594.0999755859375,1615.0,6294505,INFY,1598.3550109863281,1560.3580078125,51.33028642846904,Hold
2025-07-01,1606.800048828125,1606.800048828125,1617.699951171875,1600.5,1609.0,4178937,INFY,1601.5450134277344,1563.4740087890625,43.5338149014115,Hold
2025-07-02,1610.5,1610.5,1649.0,1603.4000244140625,1618.0,8653641,INFY,1604.5100158691407,1567.2280078125,50.56180505274435,Hold
2025-07-03,1618.699951171875,1618.699951171875,1632.4000244140625,1615.0,1618.5,5259695,INFY,1607.7300109863281,1570.1040063476562,54.89160982684175,Hold
2025-07-04,1640.699951171875,1640.699951171875,1643.4000244140625,1612.300048828125,1625.0,4411273,INFY,1611.5750061035155,1573.4900048828124,54.944386190975514,Hold
2025-07-07,1627.0,1627.0,1644.0,1623.0,1640.0,3294523,INFY,1614.2800048828126,1576.426005859375,46.17209680726134,Hold
2025-07-08,1638.699951171875,1638.699951171875,1646.199951171875,1621.5,1628.0,4590681,INFY,1616.4150024414062,1579.5580053710937,51.67434540435126,Hold
2025-07-09,1633.699951171875,1633.699951171875,1638.0,1623.5999755859375,1637.800048828125,4580828,INFY,1616.5450012207032,1582.2820043945312,54.67316515899358,Hold
2025-07-10,1615.800048828125,1615.800048828125,1638.9000244140625,1607.0999755859375,1638.9000244140625,5330179,INFY,1616.9050048828126,1584.596005859375,47.995486631178224,Hold
2025-07-11,1594.9000244140625,1594.9000244140625,1607.0999755859375,1563.0,1579.0999755859375,11391755,INFY,1616.5500061035157,1586.356005859375,53.42553199651665,Hold
2025-07-14,1570.300048828125,1570.300048828125,1591.800048828125,1559.800048828125,1591.800048828125,9173426,INFY,1613.8750061035157,1587.5900073242187,46.8836330558636,Hold
2025-07-15,1585.5999755859375,1585.5999755859375,1603.5999755859375,1564.0,1565.0999755859375,7614807,INFY,1611.1600036621094,1589.0720068359376,41.02874229116053,Hold
2025-07-16,1607.9000244140625,1607.9000244140625,1612.0,1578.5,1579.0,6223491,INFY,1609.9100036621094,1591.0640063476562,47.80488030800154,Hold
2025-07-17,1583.5,1583.5,1610.0,1580.0999755859375,1598.0,7374814,INFY,1608.1650024414062,1592.506005859375,43.902428650418955,Hold
2025-07-18,1586.0999755859375,1586.0999755859375,1599.300048828125,1580.0,1592.0999755859375,5161833,INFY,1606.325,1594.076005859375,46.021262418183994,Hold
2025-07-21,1584.300048828125,1584.300048828125,1589.0,1566.800048828125,1580.0,3682661,INFY,1606.3400024414063,1593.2240063476563,44.20400688274182,Hold
2025-07-22,1570.9000244140625,1570.9000244140625,1585.800048828125,1565.0,1565.0,8473741,INFY,1605.8050048828125,1593.2700073242188,40.284583597629755,Hold
2025-07-23,1574.5,1574.5,1591.9000244140625,1550.0,1576.300048828125,8035026,INFY,1603.7850036621094,1592.9120068359375,38.9056184292126,Hold
2025-07-24,1552.5,1552.5,1582.0,1548.199951171875,1580.0,14169664,INFY,1600.6100036621094,1591.7020068359375,27.861425479396317,Buy
2025-07-25,1515.699951171875,1515.699951171875,1549.5,1511.300048828125,1543.4000244140625,10851259,INFY,1595.9950012207032,1590.2180053710938,24.966228831243,Buy
2025-07-28,1516.0,1516.0,1519.300048828125,1482.5,1513.9000244140625,6439855,INFY,1591.7049987792968,1589.3420043945312,20.91038217460057,Buy
2025-07-29,1513.699951171875,1513.699951171875,1517.199951171875,1496.0999755859375,1512.9000244140625,7070448,INFY,1587.0499938964845,1588.40400390625,21.181549437315525,Buy
2025-07-30,1519.0,1519.0,1521.699951171875,1506.0,1519.9000244140625,5719051,INFY,1582.4749938964844,1587.41400390625,25.255623594257457,Sell
2025-07-31,1509.0,1509.0,1527.0999755859375,1497.0,1509.699951171875,6851407,INFY,1576.9899963378907,1586.64400390625,26.746077327910342,Sell
2025-08-01,1469.5999755859375,1469.5999755859375,1498.699951171875,1465.5,1493.9000244140625,8702978,INFY,1568.4349975585938,1584.7400024414062,24.761901848186227,Sell
2025-05-21,1905.8338623046875,1926.800048828125,1946.9000244140625,1921.0999755859375,1927.0,7566020,HDFCBANK,1924.9699951171874,1839.2009936523436,50.33235755235544,Hold
2025-05-22,1899.0089111328125,1919.9000244140625,1924.199951171875,1905.199951171875,1915.199951171875,10653335,HDFCBANK,1924.7699951171876,1843.798994140625,49.63583406978543,Hold
2025-05-23,1912.559814453125,1933.5999755859375,1937.0,1914.5,1920.0999755859375,4783036,HDFCBANK,1925.6099914550782,1848.6469946289062,49.414763541253194,Hold
2025-05-26,1919.087890625,1940.199951171875,1949.9000244140625,1926.9000244140625,1935.0,5401430,HDFCBANK,1927.059991455078,1853.6659936523438,51.54601728256912,Hold
2025-05-27,1905.3392333984375,1926.300048828125,1948.0,1916.300048828125,1931.5999755859375,13081074,HDFCBANK,1927.3649963378907,1858.4419946289063,46.489643109460616,Hold
2025-05-28,1902.5697021484375,1923.5,1934.5,1917.699951171875,1920.199951171875,9078797,HDFCBANK,1928.0999938964844,1863.2019946289063,49.04067482530258,Hold
2025-05-29,1906.526123046875,1927.5,1940.800048828125,1907.300048828125,1928.0,14458897,HDFCBANK,1928.2249938964844,1867.528994140625,58.37025720204654,Hold
2025-05-30,1923.73681640625,1944.9000244140625,1948.800048828125,1925.4000244140625,1931.9000244140625,14374039,HDFCBANK,1929.3749938964843,1872.2949951171875,46.49973286237445,Hold
2025-06-02,1911.0760498046875,1932.0999755859375,1936.0,1908.0,1930.0999755859375,7334411,HDFCBANK,1929.139990234375,1876.728994140625,53.08642171155536,Hold
2025-06-03,1903.65771484375,1924.5999755859375,1952.0,1920.0,1938.0,12188792,HDFCBANK,1928.7849914550782,1881.0129931640624,54.685411362514756,Hold
2025-06-04,1920.0770263671875,1941.199951171875,1943.300048828125,1920.9000244140625,1921.0,6480771,HDFCBANK,1928.564990234375,1884.9549926757813,52.5910057650092,Hold
2025-06-05,1928.3856201171875,1949.5999755859375,1958.9000244140625,1940.199951171875,1948.0,11127709,HDFCBANK,1929.6199890136718,1888.5719921875,54.9567636975871,Hold
2025-06-06,1957.1689453125,1978.699951171875,1996.300048828125,1942.699951171875,1944.0,15063504,HDFCBANK,1934.0699890136718,1892.7389916992188,61.40251490038111,Hold
2025-06-09,1957.366943359375,1978.9000244140625,1995.0,1975.9000244140625,1995.0,6601294,HDFCBANK,1935.1549926757812,1896.3169921875,71.08036212572756,Sell
2025-06-10,1943.9149169921875,1965.300048828125,1982.800048828125,1961.0999755859375,1982.800048828125,7766563,HDFCBANK,1937.2899963378907,1899.193994140625,62.54071661237785,Hold
2025-06-11,1929.177001953125,1950.4000244140625,1967.5999755859375,1947.0,1967.5999755859375,5548197,HDFCBANK,1939.2799987792969,1902.0709936523438,59.44272445820433,Hold
2025-06-12,1922.253173828125,1943.4000244140625,1961.0,1935.300048828125,1950.0,8174565,HDFCBANK,1939.7599975585938,1904.4319946289063,53.16538944991097,Hold
2025-06-13,1896.73388671875,1917.5999755859375,1933.0,1913.0,1920.0,6058881,HDFCBANK,1938.9049987792969,1906.2199951171874,43.50575869802984,Hold
2025-06-16,1914.3402099609375,1935.4000244140625,1938.9000244140625,1920.0999755859375,1924.0,8256873,HDFCBANK,1938.7400024414062,1909.57099609375,52.557605915906784,Hold
2025-06-17,1908.603271484375,1929.5999755859375,1941.5999755859375,1919.0999755859375,1937.0,8489368,HDFCBANK,1939.475,1912.2249951171875,51.68600512168213,Hold
2025-06-18,1912.8565673828125,1933.9000244140625,1936.300048828125,1917.0,1917.0,9216908,HDFCBANK,1939.8299987792968,1915.00599609375,51.76600805851281,Hold
2025-06-19,1914.2413330078125,1935.300048828125,1946.800048828125,1925.5999755859375,1933.9000244140625,8438110,HDFCBANK,1940.6,1917.36599609375,47.094443964144496,Hold
2025-06-20,1943.3212890625,1964.699951171875,1969.9000244140625,1931.5999755859375,1931.5999755859375,16450204,HDFCBANK,1942.1549987792969,1921.50599609375,58.96588144687429,Hold
2025-06-23,1927.19873046875,1948.4000244140625,1957.9000244140625,1941.800048828125,1948.4000244140625,5869759,HDFCBANK,1942.5650024414062,1925.09099609375,56.24345137300211,Hold
2025-06-24,1939.562744140625,1960.9000244140625,1979.0,1955.5999755859375,1965.0,11312661,HDFCBANK,1944.2950012207032,1929.0089965820312,55.281517519532876,Hold
2025-06-25,1958.6527099609375,1980.199951171875,1982.0,1963.9000244140625,1966.0,9202966,HDFCBANK,1947.1299987792968,1932.4779956054688,57.75075273591445,Hold
2025-06-26,1999.800048828125,2021.800048828125,2027.0999755859375,1980.0,1981.4000244140625,25042415,HDFCBANK,1951.8450012207031,1935.61599609375,60.26680980888653,Hold
2025-06-27,2014.9000244140625,2014.9000244140625,2019.800048828125,1993.4000244140625,2013.0,14106692,HDFCBANK,1955.3450012207031,1938.3539965820312,58.31024556072291,Hold
2025-06-30,2001.5,2001.5,2013.800048828125,1995.5,2011.5,6824510,HDFCBANK,1958.8150024414062,1940.2499975585938,58.364123536877734,Hold
2025-07-01,2012.0999755859375,2012.0999755859375,2016.0,2004.0,2005.0,7194693,HDFCBANK,1963.1900024414062,1941.9499975585939,64.54500772363431,Hold
2025-07-02,1986.0,1986.0,2019.9000244140625,1977.9000244140625,2019.9000244140625,9439125,HDFCBANK,1965.4300048828125,1942.4359985351562,59.212794569773564,Hold
2025-07-03,1987.0999755859375,1987.0999755859375,2008.0,1984.300048828125,1994.9000244140625,8430253,HDFCBANK,1967.3050048828125,1943.6999975585939,66.82808716707021,Hold
2025-07-04,1989.300048828125,1989.300048828125,2003.5,1980.0,1987.0999755859375,3931972,HDFCBANK,1967.835009765625,1945.1499975585937,64.1173435099079,Hold
2025-07-07,1987.4000244140625,1987.4000244140625,1998.4000244140625,1983.800048828125,1989.0,5674713,HDFCBANK,1968.260009765625,1946.6739990234375,65.45455851019386,Hold
2025-07-08,2001.4000244140625,2001.4000244140625,2005.0,1977.0,1977.0,7612158,HDFCBANK,1970.065008544922,1948.2980004882813,67.15811305438987,Hold
2025-07-09,2011.199951171875,2011.199951171875,2013.800048828125,1998.0999755859375,2007.0,6930714,HDFCBANK,1973.1050048828124,1950.3459985351562,68.50315859391088,Hold
2025-07-10,2006.199951171875,2006.199951171875,2017.0,2000.0,2016.0,8515155,HDFCBANK,1976.2450012207032,1951.9699975585938,61.48312429828129,Hold
2025-07-11,1983.699951171875,1983.699951171875,2004.800048828125,1980.9000244140625,1998.0,6258461,HDFCBANK,1979.55,1953.20599609375,59.44353187445504,Hold
2025-07-14,1983.0,1983.0,1988.699951171875,1970.5999755859375,1983.0,6544425,HDFCBANK,1981.929998779297,1954.1299951171875,56.31067352008026,Hold
2025-07-15,1995.5,1995.5,2003.5999755859375,1973.0,1973.0,7249084,HDFCBANK,1985.225,1955.40599609375,54.54546773297435,Hold
2025-07-16,1996.300048828125,1996.300048828125,2022.699951171875,1992.5999755859375,2018.0,8997306,HDFCBANK,1988.3450012207031,1956.4199975585936,39.99999999999999,Hold
2025-07-17,1986.9000244140625,1986.9000244140625,2004.800048828125,1982.699951171875,2004.0,11264579,HDFCBANK,1990.925,1957.587998046875,39.230769230769226,Hold
2025-07-18,1957.4000244140625,1957.4000244140625,1997.0,1953.0,1986.9000244140625,8064723,HDFCBANK,1990.5600036621095,1958.9419995117187,34.90760336917461,Hold
2025-07-21,2000.5,2000.5,2002.0,1976.5,1978.199951171875,11154539,HDFCBANK,1993.1650024414062,1959.8080004882813,46.752525987788864,Hold
2025-07-22,2007.0999755859375,2007.0999755859375,2018.0,2003.0,2013.0999755859375,7418407,HDFCBANK,1995.475,1961.4980004882811,56.63104299929335,Hold
2025-07-23,2024.300048828125,2024.300048828125,2029.800048828125,2003.0,2011.0,6817458,HDFCBANK,1997.6800048828125,1963.772001953125,60.61645482041667,Hold
2025-07-24,2014.199951171875,2014.199951171875,2037.699951171875,2008.4000244140625,2037.699951171875,9553588,HDFCBANK,1997.3,1965.38,56.79953278629506,Hold
2025-07-25,2004.5999755859375,2004.5999755859375,2015.0,1999.0,2015.0,4653299,HDFCBANK,1996.7849975585937,1966.7780004882814,54.50732357709429,Hold
2025-07-28,2008.5,2008.5,2021.4000244140625,2000.5,2003.0,6029790,HDFCBANK,1997.1349975585938,1968.1740014648437,51.96457462870576,Hold
2025-07-29,2021.5999755859375,2021.5999755859375,2026.5,1996.300048828125,1999.9000244140625,9947848,HDFCBANK,1997.6099975585937,1970.3080004882813,52.82609171587623,Hold
2025-07-30,2025.800048828125,2025.800048828125,2032.5999755859375,2017.0,2028.0,7577018,HDFCBANK,1999.6,1972.2880004882813,55.349365928026565,Hold
2025-07-31,2018.199951171875,2018.199951171875,2031.4000244140625,2008.0,2014.5999755859375,11091516,HDFCBANK,2001.1549987792969,1974.2539990234375,60.24953652528874,Hold
2025-08-01,2012.199951171875,2012.199951171875,2028.300048828125,2009.300048828125,2014.0,5658629,HDFCBANK,2002.2999938964845,1975.8259985351563,58.41010762698874,Hold
2025-05-21,1429.199951171875,1429.199951171875,1436.199951171875,1418.0999755859375,1423.9000244140625,6136364,RELIANCE,1400.975,1307.5869946289063,55.05006607886872,Hold
2025-05-22,1409.4000244140625,1409.4000244140625,1423.800048828125,1396.9000244140625,1421.199951171875,12134466,RELIANCE,1406.445001220703,1312.2629956054689,47.87407704995346,Hold
2025-05-23,1426.800048828125,1426.800048828125,1433.800048828125,1406.5999755859375,1406.5999755859375,6474883,RELIANCE,1412.7050048828125,1316.6069970703124,49.10179728258592,Hold
2025-05-26,1434.800048828125,1434.800048828125,1441.0,1425.0999755859375,1432.0,4842944,RELIANCE,1419.4250061035157,1320.3069970703125,52.801292241776736,Hold
2025-05-27,1422.0999755859375,1422.0999755859375,1437.0,1413.9000244140625,1426.0999755859375,12640414,RELIANCE,1422.0900024414063,1323.98099609375,53.27367995174777,Hold
2025-05-28,1412.9000244140625,1412.9000244140625,1422.5999755859375,1410.699951171875,1420.0999755859375,5944611,RELIANCE,1422.7500061035157,1327.2929956054688,51.160964051981445,Hold
2025-05-29,1417.800048828125,1417.800048828125,1420.0,1408.5999755859375,1412.0999755859375,13771917,RELIANCE,1423.3900085449218,1330.5079956054688,58.85690729907414,Hold
2025-05-30,1420.9000244140625,1420.9000244140625,1430.5999755859375,1409.699951171875,1418.0,13788484,RELIANCE,1423.4450073242188,1333.9679956054688,45.49133971720633,Hold
2025-06-02,1413.699951171875,1413.699951171875,1417.5,1395.5999755859375,1412.0999755859375,8098668,RELIANCE,1422.5650024414062,1337.4649951171875,49.37264800437431,Hold
2025-06-03,1405.5,1405.5,1426.5,1403.4000244140625,1422.300048828125,11252626,RELIANCE,1421.7950012207032,1340.7979956054687,44.05285666765767,Hold
2025-06-04,1423.5,1423.5,1425.699951171875,1406.0999755859375,1414.699951171875,8126827,RELIANCE,1422.6700012207032,1344.3249951171874,39.564945346394,Hold
2025-06-05,1442.4000244140625,1442.4000244140625,1454.699951171875,1423.5999755859375,1428.0,13716817,RELIANCE,1424.4400024414062,1347.7899951171876,45.72649700040988,Hold
2025-06-06,1443.5,1443.5,1451.5,1437.0,1441.0,8182161,RELIANCE,1427.7550048828125,1351.1329956054688,50.90420304382592,Hold
2025-06-09,1448.800048828125,1448.800048828125,1457.5,1445.300048828125,1457.0,7885125,RELIANCE,1428.3700073242187,1354.0669970703125,58.742799484552904,Hold
2025-06-10,1438.5,1438.5,1453.9000244140625,1436.0,1450.0,7913181,RELIANCE,1429.510009765625,1357.127998046875,53.226940501563796,Hold
2025-06-11,1448.9000244140625,1448.9000244140625,1468.5999755859375,1443.0999755859375,1445.800048828125,8195700,RELIANCE,1430.735009765625,1360.6449975585938,64.66219106377734,Hold
2025-06-12,1441.5999755859375,1441.5999755859375,1457.0,1434.4000244140625,1453.5,8828114,RELIANCE,1430.1050109863281,1363.912998046875,55.938964951382594,Hold
2025-06-13,1427.9000244140625,1427.9000244140625,1435.5,1414.300048828125,1424.0,9757276,RELIANCE,1428.6800109863282,1366.9689990234374,47.35225811045147,Hold
2025-06-16,1437.800048828125,1437.800048828125,1442.4000244140625,1424.4000244140625,1426.9000244140625,8458093,RELIANCE,1428.530010986328,1370.6730004882813,56.15688557283474,Hold
2025-06-17,1431.199951171875,1431.199951171875,1448.0,1425.800048828125,1448.0,10366599,RELIANCE,1428.860009765625,1374.2739990234375,57.325815616561265,Hold
2025-06-18,1430.0999755859375,1430.0999755859375,1442.800048828125,1425.699951171875,1430.0,6681735,RELIANCE,1428.905010986328,1377.9019995117187,55.078408109244165,Hold
2025-06-19,1433.300048828125,1433.300048828125,1439.9000244140625,1425.699951171875,1430.0999755859375,10007230,RELIANCE,1430.1000122070313,1382.4740014648437,55.11550822713479,Hold
2025-06-20,1466.199951171875,1466.199951171875,1471.0,1428.0999755859375,1431.0,29010635,RELIANCE,1432.0700073242188,1388.4840014648437,67.8692810240268,Hold
2025-06-23,1456.800048828125,1456.800048828125,1463.800048828125,1442.0,1453.0,5989078,RELIANCE,1433.1700073242187,1393.9760034179687,67.31938386266151,Hold
2025-06-24,1450.800048828125,1450.800048828125,1475.0,1443.0999755859375,1465.0,16402744,RELIANCE,1434.6050109863281,1399.2850048828125,60.029400896198155,Hold
2025-06-25,1467.300048828125,1467.300048828125,1472.4000244140625,1460.5,1464.0,7525851,RELIANCE,1437.3250122070312,1404.2520068359374,59.31189632520171,Hold
2025-06-26,1495.300048828125,1495.300048828125,1498.800048828125,1465.0999755859375,1469.0999755859375,14657893,RELIANCE,1441.2000122070312,1409.3560083007812,66.12702905666916,Hold
2025-06-27,1515.4000244140625,1515.4000244140625,1522.0,1496.9000244140625,1499.4000244140625,11117052,RELIANCE,1445.9250122070312,1414.8780078125,68.98516713678346,Hold
2025-06-30,1500.5999755859375,1500.5999755859375,1524.800048828125,1496.0,1513.800048828125,8409527,RELIANCE,1450.2700134277343,1419.4000073242187,67.25957953263159,Hold
2025-07-01,1528.4000244140625,1528.4000244140625,1531.4000244140625,1500.0999755859375,1500.5999755859375,10368523,RELIANCE,1456.4150146484376,1424.0580078125,70.14697930187926,Sell
2025-07-02,1518.800048828125,1518.800048828125,1530.0,1508.699951171875,1528.4000244140625,6361002,RELIANCE,1461.1800170898437,1428.610009765625,69.33869806736251,Hold
2025-07-03,1517.800048828125,1517.800048828125,1531.9000244140625,1513.0,1520.800048828125,11283291,RELIANCE,1464.950018310547,1432.9660107421876,74.05029766472795,Sell
2025-07-04,1527.300048828125,1527.300048828125,1530.0,1517.199951171875,1524.0,6603501,RELIANCE,1469.1400207519532,1437.4800122070312,73.99463806970509,Sell
2025-07-07,1541.5,1541.5,1544.800048828125,1525.0,1526.5999755859375,7251074,RELIANCE,1473.7750183105468,1442.30201171875,78.41322309891538,Sell
2025-07-08,1537.5999755859375,1537.5999755859375,1544.9000244140625,1530.199951171875,1536.0,7171261,RELIANCE,1478.7300170898438,1445.6780102539062,77.29813441256191,Sell
2025-07-09,1519.0,1519.0,1551.0,1510.0999755859375,1536.699951171875,8870660,RELIANCE,1482.2350158691406,1448.0640112304689,70.1837093769406,Sell
2025-07-10,1517.199951171875,1517.199951171875,1524.699951171875,1507.5,1519.699951171875,10047129,RELIANCE,1486.0150146484375,1450.3080102539063,64.072851474343,Hold
2025-07-11,1495.199951171875,1495.199951171875,1515.0,1490.300048828125,1512.0,7234991,RELIANCE,1489.3800109863282,1451.8160083007813,59.90709305182004,Hold
2025-07-14,1483.699951171875,1483.699951171875,1500.0,1479.0999755859375,1492.199951171875,10311846,RELIANCE,1491.6750061035157,1452.8640063476562,58.25386208814295,Hold
2025-07-15,1485.4000244140625,1485.4000244140625,1496.5,1482.4000244140625,1486.199951171875,8132454,RELIANCE,1494.385009765625,1454.1540063476561,54.905139189837406,Hold
2025-07-16,1485.5999755859375,1485.5999755859375,1491.0,1471.5,1473.0,10409983,RELIANCE,1497.160009765625,1455.746005859375,46.90489192458909,Hold
2025-07-17,1476.4000244140625,1476.4000244140625,1489.5999755859375,1473.9000244140625,1487.4000244140625,11854613,RELIANCE,1499.315008544922,1457.1340063476562,36.625518882378856,Hold
2025-07-18,1476.0,1476.0,1484.800048828125,1469.0999755859375,1484.800048828125,10296318,RELIANCE,1499.8050109863282,1459.1100073242187,40.63928043558842,Hold
2025-07-21,1428.5999755859375,1428.5999755859375,1476.0,1423.0999755859375,1465.0,22442744,RELIANCE,1498.3950073242188,1458.9520068359375,16.953626215852637,Buy
2025-07-22,1412.800048828125,1412.800048828125,1431.9000244140625,1410.699951171875,1427.4000244140625,20396320,RELIANCE,1496.4950073242187,1458.8940087890626,16.284976805080376,Buy
2025-07-23,1424.5999755859375,1424.5999755859375,1426.0,1414.4000244140625,1426.0,8354596,RELIANCE,1494.3600036621094,1458.8980078125,22.26186280885446,Buy
2025-07-24,1402.9000244140625,1402.9000244140625,1423.0,1396.0,1419.199951171875,14740507,RELIANCE,1489.7400024414062,1457.8720092773438,15.482757382652863,Buy
2025-07-25,1391.699951171875,1391.699951171875,1401.0,1384.0999755859375,1398.9000244140625,11854722,RELIANCE,1483.554998779297,1456.5780078125,7.731351550196948,Buy
2025-07-28,1387.5999755859375,1387.5999755859375,1407.800048828125,1385.0,1392.300048828125,7748361,RELIANCE,1477.9049987792969,1455.5140063476563,7.722637380785272,Buy
2025-07-29,1417.0999755859375,1417.0999755859375,1420.199951171875,1383.0,1383.0,10750072,RELIANCE,1472.3399963378906,1455.3640063476562,22.942096641087858,Buy
2025-07-30,1410.0999755859375,1410.0999755859375,1423.300048828125,1401.300048828125,1418.0999755859375,7209849,RELIANCE,1466.9049926757812,1454.9820068359375,22.325570245358335,Buy
2025-07-31,1390.199951171875,1390.199951171875,1402.5999755859375,1382.199951171875,1388.0999755859375,17065827,RELIANCE,1460.5249877929687,1454.5980053710937,22.570518920270317,Buy
2025-08-01,1393.699951171875,1393.699951171875,1405.9000244140625,1384.300048828125,1386.9000244140625,10321171,RELIANCE,1453.8449829101562,1453.9360034179688,25.4634547647383,Sell
2025-05-21,1807.390380859375,1822.5,1826.5,1805.300048828125,1813.0,6849562,BHARTIARTL,1847.3150024414062,1769.547001953125,43.46608885225853,Hold
2025-05-22,1816.2166748046875,1831.4000244140625,1836.699951171875,1816.300048828125,1819.9000244140625,6496923,BHARTIARTL,1844.8050048828125,1773.8100024414061,47.3248534670871,Hold
2025-05-23,1816.5140380859375,1831.699951171875,1841.800048828125,1821.5,1825.0,3460945,BHARTIARTL,1844.1100036621094,1777.9060009765626,44.21584336793845,Hold
2025-05-26,1832.083984375,1847.4000244140625,1850.0,1830.9000244140625,1834.0,3254715,BHARTIARTL,1845.6200073242187,1782.2400024414062,40.33189729010143,Hold
2025-05-27,1828.513916015625,1843.800048828125,1857.5999755859375,1833.699951171875,1844.0,5847725,BHARTIARTL,1846.7200073242188,1786.4970043945314,40.419381545940965,Hold
2025-05-28,1840.7117919921875,1856.0999755859375,1867.0,1845.0999755859375,1848.0,3713699,BHARTIARTL,1848.3350036621093,1790.3600048828125,46.47939160522004,Hold
2025-05-29,1848.149658203125,1863.5999755859375,1867.0,1850.5,1858.0,5786774,BHARTIARTL,1848.2900024414062,1794.7750048828125,53.06450628465222,Hold
2025-05-30,1840.8109130859375,1856.199951171875,1867.0,1843.0,1854.0,16712960,BHARTIARTL,1848.6900024414062,1799.24900390625,46.86693183342275,Hold
2025-06-02,1838.7283935546875,1854.0999755859375,1859.0,1831.5,1844.0,3199499,BHARTIARTL,1848.0950012207031,1803.5480029296875,59.05895556875949,Hold
2025-06-03,1826.0345458984375,1841.300048828125,1869.5,1832.0,1867.0,5596977,BHARTIARTL,1845.1100036621094,1807.5910034179688,51.928327893983734,Hold
2025-06-04,1859.851806640625,1875.4000244140625,1884.5999755859375,1850.0,1855.0,5892170,BHARTIARTL,1844.0400024414062,1812.3560034179689,52.21384471086381,Hold
2025-06-05,1863.2236328125,1878.800048828125,1889.0,1868.5999755859375,1884.0,8999675,BHARTIARTL,1844.2350036621094,1815.8270043945313,73.9291342558033,Sell
2025-06-06,1854.6949462890625,1870.199951171875,1881.9000244140625,1867.300048828125,1872.0999755859375,4644174,BHARTIARTL,1845.325,1818.7150024414063,68.5754905096197,Hold
2025-06-09,1849.63720703125,1865.0999755859375,1875.0,1848.699951171875,1874.0,3649505,BHARTIARTL,1845.0399963378907,1821.6410009765625,70.75332042308122,Sell
2025-06-10,1841.7034912109375,1857.0999755859375,1875.5999755859375,1850.300048828125,1866.5999755859375,7925901,BHARTIARTL,1846.8649963378907,1824.1730004882813,63.328195342704596,Hold
2025-06-11,1844.77783203125,1860.199951171875,1866.5,1847.800048828125,1857.9000244140625,8907265,BHARTIARTL,1848.1649963378907,1826.6059985351562,61.612885124831784,Hold
2025-06-12,1828.910400390625,1844.199951171875,1883.0,1831.5999755859375,1871.9000244140625,7346031,BHARTIARTL,1847.0149963378906,1828.9959985351563,54.473874147823096,Hold
2025-06-13,1825.1419677734375,1840.4000244140625,1844.5999755859375,1815.0,1815.0,4613000,BHARTIARTL,1848.3349975585938,1831.1359985351562,47.26134166749448,Hold
2025-06-16,1845.8687744140625,1861.300048828125,1870.0,1838.800048828125,1842.0999755859375,5722187,BHARTIARTL,1850.4849975585937,1833.8789990234375,56.030330002406075,Hold
2025-06-17,1839.422607421875,1854.800048828125,1879.0,1847.5999755859375,1879.0,6561555,BHARTIARTL,1852.7799987792969,1835.8830004882811,49.53340723571501,Hold
2025-06-18,1850.4306640625,1865.9000244140625,1871.0,1843.0999755859375,1847.5999755859375,5069427,BHARTIARTL,1854.95,1838.2810009765626,50.804776207121606,Sell
2025-06-19,1861.4385986328125,1877.0,1879.0,1864.0999755859375,1872.0,4712312,BHARTIARTL,1857.229998779297,1840.952001953125,57.09415743921875,Hold
2025-06-20,1920.6435546875,1936.699951171875,1949.0,1874.0,1880.0,16228526,BHARTIARTL,1862.479998779297,1845.9530004882813,70.22528029268204,Sell
2025-06-23,1920.2469482421875,1936.300048828125,1949.0,1927.0999755859375,1930.0,2946463,BHARTIARTL,1866.925,1850.2710009765624,74.76540582373997,Sell
2025-06-24,1917.5693359375,1933.5999755859375,1963.0,1929.0999755859375,1950.9000244140625,6837210,BHARTIARTL,1871.4149963378907,1854.6319995117187,68.14214046313688,Hold
2025-06-25,1949.303955078125,1965.5999755859375,1970.0,1938.0,1942.0,4152765,BHARTIARTL,1876.8899963378906,1858.8119995117188,72.96295841791606,Sell
2025-06-26,1997.600341796875,2014.300048828125,2018.4000244140625,1966.300048828125,1970.0,9413241,BHARTIARTL,1884.425,1863.1219995117187,81.44919026463326,Sell
2025-06-27,2010.2940673828125,2027.0999755859375,2039.0,2008.5999755859375,2010.0,6405854,BHARTIARTL,1892.9700012207031,1867.2119995117187,84.2061092942598,Sell
2025-06-30,1992.939208984375,2009.5999755859375,2023.9000244140625,2000.199951171875,2018.0,5597484,BHARTIARTL,1900.7450012207032,1869.6219995117187,80.95820562941347,Sell
2025-07-01,2002.657958984375,2019.4000244140625,2030.800048828125,2006.9000244140625,2009.0,3769165,BHARTIARTL,1909.65,1872.3419995117188,81.46248024800067,Sell
2025-07-02,2016.4427490234375,2033.300048828125,2045.800048828125,2018.300048828125,2037.0,6513288,BHARTIARTL,1917.5450012207032,1875.9640014648437,87.684370517843,Sell
2025-07-03,2002.558837890625,2019.300048828125,2044.9000244140625,2012.9000244140625,2041.800048828125,5558647,BHARTIARTL,1924.570001220703,1878.7180029296876,84.25891251283936,Sell
2025-07-04,2000.4761962890625,2017.199951171875,2036.5,2005.0999755859375,2027.0,2178315,BHARTIARTL,1931.9200012207032,1882.1500024414063,82.17083593209205,Sell
2025-07-07,2017.037841796875,2033.9000244140625,2036.0,2010.5999755859375,2018.0,4165432,BHARTIARTL,1940.3600036621094,1886.48400390625,85.4653245545886,Sell
2025-07-08,2013.1700439453125,2030.0,2035.0,2014.800048828125,2026.0,3624619,BHARTIARTL,1949.0050048828125,1890.6480029296874,83.44880987748688,Sell
2025-07-09,2002.9554443359375,2019.699951171875,2040.699951171875,1998.5,2035.0,2937734,BHARTIARTL,1956.9800048828124,1894.5660009765625,79.18196496560566,Sell
2025-07-10,1948.213134765625,1964.5,2028.5999755859375,1962.300048828125,2028.5999755859375,5695845,BHARTIARTL,1962.9950073242187,1896.5660009765625,55.791670947600366,Hold
2025-07-11,1905.96630859375,1921.9000244140625,1959.0999755859375,1914.199951171875,1942.0,13103980,BHARTIARTL,1967.0700073242188,1898.0400024414062,47.448616545223715,Hold
2025-07-14,1904.974609375,1920.9000244140625,1927.5,1900.199951171875,1915.0,5269381,BHARTIARTL,1970.0500061035157,1899.1380029296874,47.73619605737169,Hold
2025-07-15,1918.164306640625,1934.199951171875,1943.0,1923.199951171875,1924.800048828125,4163140,BHARTIARTL,1974.020001220703,1899.802001953125,44.00305501973033,Hold
2025-07-16,1920.54443359375,1936.5999755859375,1944.0,1928.800048828125,1944.0,4211258,BHARTIARTL,1977.554998779297,1900.5980004882813,31.972150990978136,Hold
2025-07-17,1913.9000244140625,1929.9000244140625,1944.9000244140625,1927.5999755859375,1943.699951171875,6256455,BHARTIARTL,1980.2,1901.6980004882812,26.790858840414458,Buy
2025-07-18,1901.0,1901.0,1916.0,1891.800048828125,1915.0999755859375,4643961,BHARTIARTL,1978.4150024414062,1902.75,25.407633258605856,Buy
2025-07-21,1909.199951171875,1909.199951171875,1919.9000244140625,1892.5999755859375,1894.800048828125,5109654,BHARTIARTL,1977.0599975585938,1903.517998046875,24.86313037851251,Buy
2025-07-22,1906.800048828125,1906.800048828125,1911.300048828125,1883.0,1909.199951171875,4513541,BHARTIARTL,1975.7200012207031,1905.2419995117189,19.547417010387434,Buy
2025-07-23,1943.800048828125,1943.800048828125,1949.0,1907.300048828125,1920.0,5194282,BHARTIARTL,1974.6300048828125,1907.4340014648437,33.63675423066056,Hold
2025-07-24,1936.0999755859375,1936.0999755859375,1970.4000244140625,1933.699951171875,1943.800048828125,4150685,BHARTIARTL,1970.7200012207031,1908.812001953125,32.83961051137817,Hold
2025-07-25,1937.9000244140625,1937.9000244140625,1952.699951171875,1925.0,1936.0999755859375,3896884,BHARTIARTL,1966.2600036621093,1911.2900024414062,28.3197736350063,Buy
2025-07-28,1890.300048828125,1890.300048828125,1930.0,1885.0,1930.0,3575044,BHARTIARTL,1960.2950073242187,1912.7300024414062,23.65144693230826,Buy
2025-07-29,1918.300048828125,1918.300048828125,1923.5999755859375,1880.0,1880.0,3748040,BHARTIARTL,1955.240008544922,1914.9180029296874,32.07214066929801,Hold
2025-07-30,1932.5999755859375,1932.5999755859375,1939.199951171875,1922.0999755859375,1934.0,5044683,BHARTIARTL,1950.2050048828125,1917.1200024414063,43.406355231492256,Hold
2025-07-31,1914.300048828125,1914.300048828125,1926.5,1895.5999755859375,1913.0,4674966,BHARTIARTL,1944.9550048828125,1918.7780029296875,48.253679925186965,Hold
2025-08-01,1884.4000244140625,1884.4000244140625,1919.699951171875,1878.0,1914.0,5192594,BHARTIARTL,1938.315008544922,1919.8320043945312,42.59634155158702,Hold
2025-05-21,1444.699951171875,1444.699951171875,1451.300048828125,1438.5,1442.9000244140625,5510460,ICICIBANK,1430.520001220703,1358.1130029296876,54.6949472604443,Hold
2025-05-22,1442.0999755859375,1442.0999755859375,1445.300048828125,1427.800048828125,1441.0999755859375,7245933,ICICIBANK,1431.4049987792969,1362.6410034179687,53.19148936170213,Hold
2025-05-23,1449.800048828125,1449.800048828125,1451.800048828125,1434.4000244140625,1442.199951171875,5203706,ICICIBANK,1433.7600036621093,1367.2760034179687,55.23077221631347,Hold
2025-05-26,1460.5999755859375,1460.5999755859375,1471.5999755859375,1455.0,1458.0,5608725,ICICIBANK,1436.55,1372.197001953125,57.12180404966269,Hold
2025-05-27,1446.4000244140625,1446.4000244140625,1463.0,1435.699951171875,1452.5,14842959,ICICIBANK,1437.429998779297,1376.8280029296875,52.570093457943926,Hold
2025-05-28,1453.800048828125,1453.800048828125,1458.0,1442.5,1447.5999755859375,8618343,ICICIBANK,1438.6299987792968,1380.9960034179687,54.13466895399059,Hold
2025-05-29,1456.5,1456.5,1462.9000244140625,1445.0,1456.5999755859375,15545514,ICICIBANK,1440.104998779297,1385.2470043945314,69.05297809546943,Hold
2025-05-30,1445.800048828125,1445.800048828125,1460.9000244140625,1444.300048828125,1459.9000244140625,11803975,ICICIBANK,1440.8900024414063,1389.1620043945313,48.94943534168288,Hold
2025-06-02,1450.5,1450.5,1460.0,1432.800048828125,1442.0,9458990,ICICIBANK,1441.945001220703,1392.7920043945312,58.62967782098531,Hold
2025-06-03,1437.9000244140625,1437.9000244140625,1455.0,1432.0,1454.9000244140625,11167345,ICICIBANK,1442.2600036621093,1396.1700048828125,54.736876440011024,Hold
2025-06-04,1431.0,1431.0,1440.0999755859375,1426.4000244140625,1437.4000244140625,8025388,ICICIBANK,1442.0400024414062,1398.5280053710937,40.64268176741524,Hold
2025-06-05,1454.800048828125,1454.800048828125,1459.0,1427.300048828125,1430.9000244140625,11385668,ICICIBANK,1443.0050048828125,1401.1900073242186,50.31647525563321,Hold
2025-06-06,1459.699951171875,1459.699951171875,1461.4000244140625,1442.0999755859375,1448.5999755859375,11580994,ICICIBANK,1446.5450012207032,1403.5220068359374,54.2359333802414,Hold
2025-06-09,1434.800048828125,1434.800048828125,1466.800048828125,1433.4000244140625,1465.0,11022031,ICICIBANK,1445.8600036621094,1405.0550073242186,48.7892056194214,Hold
2025-06-10,1422.9000244140625,1422.9000244140625,1441.699951171875,1416.5,1439.0,12905272,ICICIBANK,1445.4750061035156,1406.6390087890625,42.52401433031562,Hold
2025-06-11,1431.0,1431.0,1434.5,1418.5999755859375,1421.800048828125,7136877,ICICIBANK,1445.7150085449218,1408.5410083007812,46.33179151670059,Hold
2025-06-12,1425.199951171875,1425.199951171875,1436.5,1420.0,1430.5,7953247,ICICIBANK,1444.4350036621095,1410.3120068359376,41.76701675488324,Hold
2025-06-13,1416.0999755859375,1416.0999755859375,1421.5,1403.5999755859375,1403.5999755859375,7573103,ICICIBANK,1442.5400024414062,1411.6670068359374,34.935650552582075,Hold
2025-06-16,1426.9000244140625,1426.9000244140625,1429.0,1414.199951171875,1416.5999755859375,5451137,ICICIBANK,1441.4350036621095,1413.8360083007813,43.24323409784588,Hold
2025-06-17,1423.199951171875,1423.199951171875,1429.800048828125,1417.800048828125,1426.9000244140625,6970098,ICICIBANK,1440.6850036621095,1415.6750073242188,39.118019368046724,Hold
2025-06-18,1412.5999755859375,1412.5999755859375,1432.0,1410.199951171875,1417.0,6751745,ICICIBANK,1439.0800048828125,1417.336005859375,35.218834848184684,Hold
2025-06-19,1411.300048828125,1411.300048828125,1414.699951171875,1404.699951171875,1408.0,8849883,ICICIBANK,1437.5400085449219,1418.856005859375,37.598836688880965,Hold
2025-06-20,1427.0999755859375,1427.0999755859375,1433.300048828125,1410.199951171875,1411.300048828125,12408178,ICICIBANK,1436.4050048828126,1421.6470043945312,42.21036916152554,Hold
2025-06-23,1420.0999755859375,1420.0999755859375,1423.199951171875,1411.9000244140625,1417.0,5514384,ICICIBANK,1434.3800048828125,1424.0510034179688,43.84506678417845,Hold
2025-06-24,1424.0999755859375,1424.0999755859375,1435.9000244140625,1416.5,1427.699951171875,11188438,ICICIBANK,1433.2650024414063,1426.517001953125,47.56526720680907,Hold
2025-06-25,1425.800048828125,1425.800048828125,1428.9000244140625,1415.300048828125,1422.0,7527388,ICICIBANK,1431.8650024414062,1428.8000024414061,37.87623933159277,Hold
2025-06-26,1439.0999755859375,1439.0999755859375,1447.5,1421.699951171875,1424.800048828125,13617435,ICICIBANK,1430.9950012207032,1430.5780029296875,41.953126862646926,Hold
2025-06-27,1462.199951171875,1462.199951171875,1466.0,1437.0999755859375,1438.9000244140625,22532899,ICICIBANK,1431.8149963378905,1432.6940014648437,60.85574997823627,Sell
2025-06-30,1445.800048828125,1445.800048828125,1461.9000244140625,1442.300048828125,1461.800048828125,6325073,ICICIBANK,1431.5799987792968,1433.4760034179687,58.76054107012934,Sell
2025-07-01,1432.0,1432.0,1447.5999755859375,1429.5999755859375,1445.699951171875,7761449,ICICIBANK,1431.2849975585937,1433.9200024414063,50.36656917740302,Sell
2025-07-02,1427.800048828125,1427.800048828125,1451.0,1422.5999755859375,1432.199951171875,13372280,ICICIBANK,1431.125,1434.1460034179688,50.96442931140652,Sell
2025-07-03,1425.9000244140625,1425.9000244140625,1446.0999755859375,1423.699951171875,1432.0999755859375,10177738,ICICIBANK,1429.679998779297,1434.1760034179688,53.84014893360554,Sell
2025-07-04,1442.800048828125,1442.800048828125,1444.4000244140625,1421.0999755859375,1427.0,5066503,ICICIBANK,1428.8350036621093,1434.9780053710938,55.946164823436064,Sell
2025-07-07,1435.699951171875,1435.699951171875,1440.9000244140625,1429.5999755859375,1437.0,5177477,ICICIBANK,1428.8799987792968,1435.5960034179689,54.558721136261234,Sell
2025-07-08,1442.0,1442.0,1445.0,1430.0,1432.0,5315847,ICICIBANK,1429.8349975585938,1435.8600024414063,61.06929240543912,Sell
2025-07-09,1431.9000244140625,1431.9000244140625,1438.699951171875,1426.5999755859375,1436.199951171875,8827347,ICICIBANK,1429.8799987792968,1435.902001953125,57.2740039328027,Sell
2025-07-10,1424.0999755859375,1424.0999755859375,1439.0,1422.0999755859375,1436.800048828125,7795964,ICICIBANK,1429.825,1435.8440014648438,48.87724632967,Sell
2025-07-11,1421.9000244140625,1421.9000244140625,1428.0,1414.5999755859375,1422.0,7158015,ICICIBANK,1430.1150024414062,1435.6800024414063,50.69877645408623,Sell
2025-07-14,1423.0,1423.0,1424.9000244140625,1416.0999755859375,1424.9000244140625,5846154,ICICIBANK,1429.9200012207032,1435.552001953125,49.563155133981596,Sell
2025-07-15,1430.800048828125,1430.800048828125,1433.800048828125,1419.0,1421.0999755859375,6041457,ICICIBANK,1430.3000061035157,1435.5360034179687,51.89393939393939,Sell
2025-07-16,1426.4000244140625,1426.4000244140625,1429.199951171875,1419.0999755859375,1426.0,5649093,ICICIBANK,1430.990008544922,1435.3560034179689,44.84161612635804,Sell
2025-07-17,1418.699951171875,1418.699951171875,1423.199951171875,1409.5,1421.0,12927394,ICICIBANK,1431.3600036621094,1435.0200024414062,29.805050550845536,Sell
2025-07-18,1425.800048828125,1425.800048828125,1429.0,1408.5,1415.800048828125,11297246,ICICIBANK,1431.2950073242187,1435.7580029296876,39.83743871697664,Sell
2025-07-21,1465.800048828125,1465.800048828125,1467.699951171875,1437.0,1448.0,13867136,ICICIBANK,1433.580010986328,1436.10400390625,63.563385276754,Sell
2025-07-22,1473.5999755859375,1473.5999755859375,1482.0,1469.699951171875,1474.0999755859375,8930165,ICICIBANK,1436.0550109863282,1436.96400390625,67.86264172071105,Sell
2025-07-23,1488.5999755859375,1488.5999755859375,1490.0,1472.5999755859375,1482.9000244140625,11974174,ICICIBANK,1439.1950073242188,1438.2120043945313,72.18677323823445,Sell
2025-07-24,1483.4000244140625,1483.4000244140625,1488.699951171875,1478.0999755859375,1487.699951171875,6700578,ICICIBANK,1441.410009765625,1438.86400390625,65.66354427160599,Hold
2025-07-25,1477.0999755859375,1477.0999755859375,1500.0,1473.5999755859375,1500.0,8696077,ICICIBANK,1442.155010986328,1439.3260034179686,66.07141672455836,Hold
2025-07-28,1488.4000244140625,1488.4000244140625,1493.800048828125,1477.0999755859375,1477.0999755859375,7507479,ICICIBANK,1444.285009765625,1440.11400390625,67.3392993829892,Hold
2025-07-29,1486.199951171875,1486.199951171875,1489.800048828125,1475.4000244140625,1479.9000244140625,9776027,ICICIBANK,1446.9950073242187,1441.07400390625,71.56465882923283,Sell
2025-07-30,1482.4000244140625,1482.4000244140625,1488.5,1477.300048828125,1487.699951171875,7238625,ICICIBANK,1449.7250061035156,1441.8280053710937,73.91303477047003,Sell
2025-07-31,1481.4000244140625,1481.4000244140625,1494.5,1464.0,1469.9000244140625,12406146,ICICIBANK,1452.5000061035157,1442.6140063476562,74.64784743966277,Sell
2025-08-01,1471.5999755859375,1471.5999755859375,1485.0999755859375,1469.800048828125,1480.4000244140625,4416771,ICICIBANK,1453.9400024414062,1443.0500048828126,68.77893150020708,Hold
